-- phpMyAdmin SQL Dump
-- version 5.2.1
-- https://www.phpmyadmin.net/
--
-- Servidor: localhost
-- Tiempo de generación: 24-05-2024 a las 03:56:20
-- Versión del servidor: 10.4.32-MariaDB
-- Versión de PHP: 8.2.12

SET SQL_MODE = "NO_AUTO_VALUE_ON_ZERO";
START TRANSACTION;
SET time_zone = "+00:00";


/*!40101 SET @OLD_CHARACTER_SET_CLIENT=@@CHARACTER_SET_CLIENT */;
/*!40101 SET @OLD_CHARACTER_SET_RESULTS=@@CHARACTER_SET_RESULTS */;
/*!40101 SET @OLD_COLLATION_CONNECTION=@@COLLATION_CONNECTION */;
/*!40101 SET NAMES utf8mb4 */;

--
-- Base de datos: `sistema`
--

-- --------------------------------------------------------

--
-- Estructura de tabla para la tabla `caja`
--

CREATE TABLE `caja` (
  `id` int(11) NOT NULL,
  `caja` varchar(50) NOT NULL,
  `estado` int(11) NOT NULL DEFAULT 1
) ENGINE=InnoDB DEFAULT CHARSET=utf8 COLLATE=utf8_spanish2_ci;

--
-- Volcado de datos para la tabla `caja`
--

INSERT INTO `caja` (`id`, `caja`, `estado`) VALUES
(1, 'General', 1),
(2, 'Secundaria', 1),
(3, 'Vendedor', 1),
(5, 'Almacen', 1);

-- --------------------------------------------------------

--
-- Estructura de tabla para la tabla `categorias`
--

CREATE TABLE `categorias` (
  `id` int(11) NOT NULL,
  `nombre` varchar(100) NOT NULL,
  `estado` int(11) NOT NULL DEFAULT 1
) ENGINE=InnoDB DEFAULT CHARSET=utf8 COLLATE=utf8_spanish2_ci;

--
-- Volcado de datos para la tabla `categorias`
--

INSERT INTO `categorias` (`id`, `nombre`, `estado`) VALUES
(1, 'Café', 1),
(2, 'Carne', 1),
(3, 'Chocolate', 1),
(4, 'Refresco', 1),
(5, 'Fruta', 1);

-- --------------------------------------------------------

--
-- Estructura de tabla para la tabla `clientes`
--

CREATE TABLE `clientes` (
  `id` int(11) NOT NULL,
  `dni` varchar(12) NOT NULL,
  `nombre` varchar(100) NOT NULL,
  `telefono` varchar(15) NOT NULL,
  `direccion` text NOT NULL,
  `estado` int(11) NOT NULL DEFAULT 1
) ENGINE=InnoDB DEFAULT CHARSET=utf8 COLLATE=utf8_spanish2_ci;

--
-- Volcado de datos para la tabla `clientes`
--

INSERT INTO `clientes` (`id`, `dni`, `nombre`, `telefono`, `direccion`, `estado`) VALUES
(1, '28.658.310', 'Jesús Salvador', '65165165', 'El Valle', 1),
(2, '16.626.434', 'Ana', '+58 02943321021', 'El valle', 0),
(3, '16061755', 'Cruz', '04121422170', 'El Valle', 1),
(4, '25498158', 'Salvador', '+58 4124788972', 'El Valle', 1),
(5, '84165168421', 'Juana', '1561818', 'Calle Colombia', 1);

-- --------------------------------------------------------

--
-- Estructura de tabla para la tabla `compras`
--

CREATE TABLE `compras` (
  `id` int(11) NOT NULL,
  `total` decimal(10,2) NOT NULL,
  `fecha` timestamp NOT NULL DEFAULT current_timestamp() ON UPDATE current_timestamp(),
  `estado` int(11) NOT NULL DEFAULT 1
) ENGINE=InnoDB DEFAULT CHARSET=utf8 COLLATE=utf8_spanish2_ci;

--
-- Volcado de datos para la tabla `compras`
--

INSERT INTO `compras` (`id`, `total`, `fecha`, `estado`) VALUES
(2, 100.00, '2024-05-20 19:54:09', 0),
(3, 220.00, '2024-05-22 16:03:46', 1);

-- --------------------------------------------------------

--
-- Estructura de tabla para la tabla `configuracion`
--

CREATE TABLE `configuracion` (
  `id` int(11) NOT NULL,
  `ruc` varchar(20) NOT NULL,
  `nombre` varchar(200) NOT NULL,
  `telefono` varchar(15) NOT NULL,
  `direccion` varchar(200) NOT NULL,
  `mensaje` varchar(200) NOT NULL
) ENGINE=InnoDB DEFAULT CHARSET=utf8 COLLATE=utf8_spanish2_ci;

--
-- Volcado de datos para la tabla `configuracion`
--

INSERT INTO `configuracion` (`id`, `ruc`, `nombre`, `telefono`, `direccion`, `mensaje`) VALUES
(1, '1452156486', 'Informático', '04167594621', 'Calle el Centro', 'Gracias');

-- --------------------------------------------------------

--
-- Estructura de tabla para la tabla `detalle`
--

CREATE TABLE `detalle` (
  `id` int(11) NOT NULL,
  `id_producto` int(11) NOT NULL,
  `id_usuario` int(11) NOT NULL,
  `precio` decimal(10,2) NOT NULL,
  `cantidad` int(11) NOT NULL,
  `sub_total` decimal(10,2) NOT NULL
) ENGINE=InnoDB DEFAULT CHARSET=utf8 COLLATE=utf8_spanish2_ci;

-- --------------------------------------------------------

--
-- Estructura de tabla para la tabla `detalle_compras`
--

CREATE TABLE `detalle_compras` (
  `id` int(11) NOT NULL,
  `id_compra` int(11) NOT NULL,
  `id_producto` int(11) NOT NULL,
  `cantidad` int(11) NOT NULL,
  `precio` decimal(10,2) NOT NULL,
  `sub_total` decimal(10,2) NOT NULL
) ENGINE=InnoDB DEFAULT CHARSET=utf8 COLLATE=utf8_spanish2_ci;

--
-- Volcado de datos para la tabla `detalle_compras`
--

INSERT INTO `detalle_compras` (`id`, `id_compra`, `id_producto`, `cantidad`, `precio`, `sub_total`) VALUES
(1, 1, 4, 20, 2.00, 40.00),
(2, 2, 4, 50, 2.00, 100.00),
(3, 3, 4, 60, 2.00, 120.00),
(4, 3, 2, 50, 2.00, 100.00);

-- --------------------------------------------------------

--
-- Estructura de tabla para la tabla `detalle_temp`
--

CREATE TABLE `detalle_temp` (
  `id` int(11) NOT NULL,
  `id_producto` int(11) NOT NULL,
  `id_usuario` int(11) NOT NULL,
  `precio` decimal(10,2) NOT NULL,
  `cantidad` int(11) NOT NULL,
  `descuento` decimal(10,2) NOT NULL DEFAULT 0.00,
  `sub_total` decimal(10,2) NOT NULL
) ENGINE=InnoDB DEFAULT CHARSET=utf8 COLLATE=utf8_spanish2_ci;

-- --------------------------------------------------------

--
-- Estructura de tabla para la tabla `detalle_venta`
--

CREATE TABLE `detalle_venta` (
  `id` int(11) NOT NULL,
  `id_venta` int(11) NOT NULL,
  `id_producto` int(11) NOT NULL,
  `cantidad` int(11) NOT NULL,
  `descuento` decimal(10,2) NOT NULL DEFAULT 0.00,
  `precio` decimal(10,2) NOT NULL,
  `sub_total` decimal(10,2) NOT NULL
) ENGINE=InnoDB DEFAULT CHARSET=utf8 COLLATE=utf8_spanish2_ci;

--
-- Volcado de datos para la tabla `detalle_venta`
--

INSERT INTO `detalle_venta` (`id`, `id_venta`, `id_producto`, `cantidad`, `descuento`, `precio`, `sub_total`) VALUES
(1, 8, 4, 20, 0.00, 2.00, 40.00),
(2, 8, 6, 10, 0.00, 2.00, 20.00),
(3, 9, 4, 50, 0.00, 2.00, 100.00),
(4, 10, 4, 10, 0.00, 2.00, 20.00),
(5, 11, 6, 50, 0.00, 2.00, 100.00),
(6, 12, 4, 25, 0.00, 2.00, 50.00),
(7, 13, 4, 20, 10.00, 2.00, 40.00),
(8, 14, 4, 10, 5.00, 2.00, 15.00),
(9, 15, 4, 15, 0.00, 2.00, 30.00);

-- --------------------------------------------------------

--
-- Estructura de tabla para la tabla `medidas`
--

CREATE TABLE `medidas` (
  `id` int(11) NOT NULL,
  `nombre` varchar(50) NOT NULL,
  `estado` int(11) NOT NULL DEFAULT 1
) ENGINE=InnoDB DEFAULT CHARSET=utf8 COLLATE=utf8_spanish2_ci;

--
-- Volcado de datos para la tabla `medidas`
--

INSERT INTO `medidas` (`id`, `nombre`, `estado`) VALUES
(1, '1 Kg', 1),
(2, '5 kg', 1),
(3, '10 kg', 1),
(4, '10 Litro', 1),
(5, '15 Litro', 1),
(6, '20 Litro', 1),
(7, '30 Litros', 0);

-- --------------------------------------------------------

--
-- Estructura de tabla para la tabla `productos`
--

CREATE TABLE `productos` (
  `id` int(11) NOT NULL,
  `codigo` varchar(20) NOT NULL,
  `descripcion` varchar(250) NOT NULL,
  `precio_compra` decimal(10,2) NOT NULL,
  `precio_venta` decimal(10,2) NOT NULL,
  `cantidad` int(11) NOT NULL DEFAULT 0,
  `foto` varchar(50) NOT NULL,
  `id_medida` int(11) NOT NULL,
  `id_categoria` int(11) NOT NULL,
  `estado` int(11) NOT NULL DEFAULT 1
) ENGINE=InnoDB DEFAULT CHARSET=utf8 COLLATE=utf8_spanish2_ci;

--
-- Volcado de datos para la tabla `productos`
--

INSERT INTO `productos` (`id`, `codigo`, `descripcion`, `precio_compra`, `precio_venta`, `cantidad`, `foto`, `id_medida`, `id_categoria`, `estado`) VALUES
(2, 'J-32594', 'Jugo', 2.00, 2.00, 73, 'default.png', 5, 4, 1),
(4, 'J-464576', 'Cocacola', 2.00, 2.00, 60, 'Cocacola.jpg', 5, 4, 1),
(5, 'J-67403', 'San Salvador', 2.00, 2.00, 11, 'SanSalvador.jpg', 1, 1, 1),
(6, 'J-241028', 'Zulia', 2.00, 2.00, 20, 'zulia.jpg', 1, 1, 1);

-- --------------------------------------------------------

--
-- Estructura de tabla para la tabla `usuarios`
--

CREATE TABLE `usuarios` (
  `id` int(11) NOT NULL,
  `usuario` varchar(20) NOT NULL,
  `nombre` varchar(100) NOT NULL,
  `clave` varchar(100) NOT NULL,
  `id_caja` int(11) NOT NULL,
  `estado` int(11) NOT NULL DEFAULT 1
) ENGINE=InnoDB DEFAULT CHARSET=utf8 COLLATE=utf8_spanish2_ci;

--
-- Volcado de datos para la tabla `usuarios`
--

INSERT INTO `usuarios` (`id`, `usuario`, `nombre`, `clave`, `id_caja`, `estado`) VALUES
(7, 'admin', 'admin', '8c6976e5b5410415bde908bd4dee15dfb167a9c873fc4bb8a81f6f2ab448a918', 1, 1),
(8, 'Salvador', 'Cruz', '8c6976e5b5410415bde908bd4dee15dfb167a9c873fc4bb8a81f6f2ab448a918', 1, 1),
(9, 'Ana', 'Ana', '8c6976e5b5410415bde908bd4dee15dfb167a9c873fc4bb8a81f6f2ab448a918', 1, 1);

-- --------------------------------------------------------

--
-- Estructura de tabla para la tabla `ventas`
--

CREATE TABLE `ventas` (
  `id` int(11) NOT NULL,
  `id_cliente` int(11) NOT NULL,
  `total` decimal(10,2) NOT NULL,
  `fecha` timestamp NOT NULL DEFAULT current_timestamp() ON UPDATE current_timestamp()
) ENGINE=InnoDB DEFAULT CHARSET=utf8 COLLATE=utf8_spanish2_ci;

--
-- Volcado de datos para la tabla `ventas`
--

INSERT INTO `ventas` (`id`, `id_cliente`, `total`, `fecha`) VALUES
(10, 1, 20.00, '2024-05-19 18:00:28'),
(11, 1, 100.00, '2024-05-19 21:15:14'),
(12, 1, 50.00, '2024-05-20 12:55:41'),
(13, 1, 30.00, '2024-05-20 18:18:10'),
(14, 1, 15.00, '2024-05-20 18:36:55'),
(15, 3, 30.00, '2024-05-22 16:04:57');

--
-- Índices para tablas volcadas
--

--
-- Indices de la tabla `caja`
--
ALTER TABLE `caja`
  ADD PRIMARY KEY (`id`);

--
-- Indices de la tabla `categorias`
--
ALTER TABLE `categorias`
  ADD PRIMARY KEY (`id`);

--
-- Indices de la tabla `clientes`
--
ALTER TABLE `clientes`
  ADD PRIMARY KEY (`id`);

--
-- Indices de la tabla `compras`
--
ALTER TABLE `compras`
  ADD PRIMARY KEY (`id`);

--
-- Indices de la tabla `configuracion`
--
ALTER TABLE `configuracion`
  ADD PRIMARY KEY (`id`);

--
-- Indices de la tabla `detalle`
--
ALTER TABLE `detalle`
  ADD PRIMARY KEY (`id`);

--
-- Indices de la tabla `detalle_compras`
--
ALTER TABLE `detalle_compras`
  ADD PRIMARY KEY (`id`);

--
-- Indices de la tabla `detalle_temp`
--
ALTER TABLE `detalle_temp`
  ADD PRIMARY KEY (`id`);

--
-- Indices de la tabla `detalle_venta`
--
ALTER TABLE `detalle_venta`
  ADD PRIMARY KEY (`id`);

--
-- Indices de la tabla `medidas`
--
ALTER TABLE `medidas`
  ADD PRIMARY KEY (`id`);

--
-- Indices de la tabla `productos`
--
ALTER TABLE `productos`
  ADD PRIMARY KEY (`id`);

--
-- Indices de la tabla `usuarios`
--
ALTER TABLE `usuarios`
  ADD PRIMARY KEY (`id`),
  ADD KEY `id_caja` (`id_caja`);

--
-- Indices de la tabla `ventas`
--
ALTER TABLE `ventas`
  ADD PRIMARY KEY (`id`);

--
-- AUTO_INCREMENT de las tablas volcadas
--

--
-- AUTO_INCREMENT de la tabla `caja`
--
ALTER TABLE `caja`
  MODIFY `id` int(11) NOT NULL AUTO_INCREMENT, AUTO_INCREMENT=6;

--
-- AUTO_INCREMENT de la tabla `categorias`
--
ALTER TABLE `categorias`
  MODIFY `id` int(11) NOT NULL AUTO_INCREMENT, AUTO_INCREMENT=6;

--
-- AUTO_INCREMENT de la tabla `clientes`
--
ALTER TABLE `clientes`
  MODIFY `id` int(11) NOT NULL AUTO_INCREMENT, AUTO_INCREMENT=6;

--
-- AUTO_INCREMENT de la tabla `compras`
--
ALTER TABLE `compras`
  MODIFY `id` int(11) NOT NULL AUTO_INCREMENT, AUTO_INCREMENT=4;

--
-- AUTO_INCREMENT de la tabla `configuracion`
--
ALTER TABLE `configuracion`
  MODIFY `id` int(11) NOT NULL AUTO_INCREMENT, AUTO_INCREMENT=2;

--
-- AUTO_INCREMENT de la tabla `detalle`
--
ALTER TABLE `detalle`
  MODIFY `id` int(11) NOT NULL AUTO_INCREMENT, AUTO_INCREMENT=5;

--
-- AUTO_INCREMENT de la tabla `detalle_compras`
--
ALTER TABLE `detalle_compras`
  MODIFY `id` int(11) NOT NULL AUTO_INCREMENT, AUTO_INCREMENT=5;

--
-- AUTO_INCREMENT de la tabla `detalle_temp`
--
ALTER TABLE `detalle_temp`
  MODIFY `id` int(11) NOT NULL AUTO_INCREMENT, AUTO_INCREMENT=16;

--
-- AUTO_INCREMENT de la tabla `detalle_venta`
--
ALTER TABLE `detalle_venta`
  MODIFY `id` int(11) NOT NULL AUTO_INCREMENT, AUTO_INCREMENT=10;

--
-- AUTO_INCREMENT de la tabla `medidas`
--
ALTER TABLE `medidas`
  MODIFY `id` int(11) NOT NULL AUTO_INCREMENT, AUTO_INCREMENT=8;

--
-- AUTO_INCREMENT de la tabla `productos`
--
ALTER TABLE `productos`
  MODIFY `id` int(11) NOT NULL AUTO_INCREMENT, AUTO_INCREMENT=7;

--
-- AUTO_INCREMENT de la tabla `usuarios`
--
ALTER TABLE `usuarios`
  MODIFY `id` int(11) NOT NULL AUTO_INCREMENT, AUTO_INCREMENT=10;

--
-- AUTO_INCREMENT de la tabla `ventas`
--
ALTER TABLE `ventas`
  MODIFY `id` int(11) NOT NULL AUTO_INCREMENT, AUTO_INCREMENT=16;

--
-- Restricciones para tablas volcadas
--

--
-- Filtros para la tabla `usuarios`
--
ALTER TABLE `usuarios`
  ADD CONSTRAINT `usuarios_ibfk_1` FOREIGN KEY (`id_caja`) REFERENCES `caja` (`id`) ON DELETE CASCADE ON UPDATE CASCADE;
COMMIT;

/*!40101 SET CHARACTER_SET_CLIENT=@OLD_CHARACTER_SET_CLIENT */;
/*!40101 SET CHARACTER_SET_RESULTS=@OLD_CHARACTER_SET_RESULTS */;
/*!40101 SET COLLATION_CONNECTION=@OLD_COLLATION_CONNECTION */;
